Time_ms,State,Pitch_deg,Yaw_deg,Alt_m,AccMag
39854,2,-2.82,7.49,0.09,13.77
39933,2,29.44,7.27,0.09,5.99
39954,2,35.68,6.31,0.09,4.77
39994,2,34.07,6.01,0.09,5.12
40034,2,35.58,5.55,0.08,6.55
40074,2,30.51,6.24,0.09,7.85
40114,2,26.63,6.40,0.09,7.68
40154,2,19.55,6.72,0.09,10.00
40194,2,19.85,6.60,0.08,9.08
40234,2,17.89,7.06,0.08,9.25
40274,2,15.85,7.77,0.08,8.94
40314,2,16.44,7.47,0.08,8.86
40383,2,10.46,6.75,0.07,10.25
40414,2,10.91,5.73,0.07,9.40
40454,2,6.65,4.02,0.06,9.20
40494,2,5.50,7.08,0.07,14.45
40534,2,11.33,6.32,0.07,9.64
40574,2,6.55,5.84,0.08,8.66
40620,2,15.20,6.87,0.09,8.89
40667,2,17.31,6.10,0.09,7.95
40714,2,14.32,6.19,0.09,9.1
40855,2,20.85,6.59,0.08,8.76
40894,2,13.50,5.61,0.08,8.15
40934,2,12.85,6.63,0.08,9.23
40974,2,16.55,7.05,0.09,9.02
4166,2,9.80,8.52,0.10,9.36
41108,2,10.90,8.92,0.10,8.81
41150,2,11.13,10.19,0.10,8.59
41192,2,9.89,11.63,0.11,9.39
41240,2,13.31,12.84,0.12,8.80
41279,2,11.31,13.73,0.13,8.18
41331,2,17.39,14.62,0.14,9.11
41379,2,17.28,15.24,0.16,8.06
41428,2,15.94,15.44,0.17,8.81
41478,2,14.57,15.86,0.18,8.54
41530,2,10.15,14.70,0.18,8.59
41577,2,10.31,13.97,0.19,9.00
41615,2,3.61,13.11,0.20,8.41
41654,2,5.47,11.71,0.20,9.13
41694,2,3.96,11.26,0.20,9.30
41736,2,1.27,10.77,0.20,8.97
41779,2,3.69,10.70,0.20,8.93
41824,2,-0.11,10.62,0.19,9.19
41869,2,1.59,10.79,0.20,9.06
41914,2,0.29,11.11,0.20,9.69
41955,2,3.12,11.67,0.20,8.50
41997,2,3.95,12.67,0.20,8.79
42047,2,10.83,12.85,0.21,8.65
42097,2,9.63,13.35,0.22,8.51
42147,2,13.15,13.24,0.23,8.59
42198,2,13.02,13.25,0.24,8.60
42249,2,13.20,13.32,0.25,8.70
42300,2,13.89,13.17,0.26,8.52
42339,2,13.37,12.67,0.28,8.61
42379,2,11.34,12.53,0.28,8.53
42423,2,11.85,11.79,0.30,8.47
42466,2,8.90,11.11,0.30,8.56
42581,2,3.32,10.55,0.31,8.92
42634,2,1.40,9.91,0.31,8.65
42677,2,-0.96,9.60,0.32,9.07
42721,2,-2.78,9.26,0.32,9.26
42766,2,-4.79,8.93,0.32,9.20
42816,2,-4.66,8.68,0.32,9.10
42871,2,-5.44,8.82,0.32,8.61
42927,2,-2.81,9.00,0.31,9.07
42980,2,-2.72,9.52,0.31,8.93
43023,2,-2.00,9.70,0.30,9.29
43067,2,0.21,10.15,0.30,8.79
43109,2,1.24,10.64,0.30,8.74
43155,2,2.93,10.80,0.30,8.84
43205,2,5.67,11.02,0.30,8.44
43256,2,7.10,11.61,0.30,8.66
43307,2,9.42,11.36,0.29,8.53
43358,2,8.63,11.57,0.29,8.57
43404,2,10.08,11.65,0.29,8.56
43450,2,10.70,11.30,0.29,8.46
43499,2,9.04,10.98,0.29,8.52
43549,2,9.47,10.51,0.29,8.62
43603,2,9.09,10.01,0.29,8.72
43659,2,8.11,9.68,0.29,8.48
43713,2,5.46,8.95,0.30,9.07
43769,2,2.16,8.79,0.30,9.05
43817,2,3.14,8.38,0.30,9.10
43864,2,0.27,8.43,0.30,8.73
43909,2,0.93,9.05,0.31,8.74
43961,2,0.49,9.42,0.31,8.63
44012,2,-1.36,9.70,0.30,9.07
44064,2,-2.28,9.56,0.30,9.26
44120,2,-1.14,9.85,0.30,9.33
44242,2,3.17,10.55,0.30,8.89
44298,2,4.27,11.22,0.30,8.78
44355,2,7.09,11.53,0.30,8.95
44413,2,8.93,11.83,0.29,8.53
44463,2,10.85,11.75,0.29,8.60
44512,2,11.51,12.20,0.29,8.42
44562,2,11.91,12.00,0.29,8.41
44615,2,13.01,11.73,0.29,8.26
44669,2,11.01,11.66,0.28,8.38
44723,2,10.15,10.80,0.28,8.87
44778,2,9.27,10.77,0.28,8.63
44834,2,9.72,10.23,0.28,9.02
44885,2,9.06,10.15,0.27,8.72
44935,2,8.95,9.97,0.26,8.97
44990,2,8.23,9.99,0.25,8.85
45044,2,8.63,9.89,0.24,8.84
45099,2,8.60,9.70,0.24,8.66
45157,2,8.01,9.64,0.23,8.80
45218,2,8.14,9.47,0.22,8.79
45280,2,8.36,9.53,0.21,8.74
45327,2,8.24,9.41,0.21,8.84
45378,2,7.76,9.39,0.21,8.76
45427,2,9.15,9.42,0.20,8.64
45482,2,8.47,9.38,0.20,8.90
45539,2,7.97,9.23,0.20,8.90
45598,2,8.89,9.26,0.20,8.56
45654,2,8.01,9.18,0.20,8.81
45713,2,7.87,9.17,0.20,8.87
45769,2,7.94,9.21,0.20,8.70
45822,2,7.78,9.11,0.19,8.76
45877,2,7.12,9.14,0.19,8.65
45936,2,6.61,9.00,0.19,8.56
46070,2,1.28,8.67,0.18,8.72
46131,2,-1.17,8.81,0.18,8.95
46188,2,-1.95,8.82,0.17,8.96
46246,2,-2.76,9.40,0.17,9.32
46306,2,-2.05,10.15,0.17,8.98
46366,2,0.31,11.11,0.17,9.10
46425,2,0.51,11.59,0.17,9.12
46482,2,3.87,12.04,0.18,8.68
46537,2,5.08,12.50,0.19,8.77
46593,2,6.83,12.61,0.19,8.43
46650,2,6.67,13.05,0.20,8.76
46709,2,9.10,12.86,0.20,8.69
46772,2,8.22,12.32,0.20,8.53
46834,2,8.34,11.55,0.21,8.47
46897,2,6.21,11.00,0.22,8.60
46950,2,4.27,10.28,0.22,8.70
47005,2,3.33,9.43,0.22,8.90
47090,2,1.24,8.55,0.23,8.98
47128,2,0.77,8.05,0.24,9.14
47171,2,0.99,7.32,0.26,8.88
47212,2,0.57,6.81,0.27,8.95
47253,2,0.37,6.46,0.28,8.95
47289,2,1.64,5.74,0.28,8.81
47325,2,0.54,5.68,0.30,9.14
47363,3,1.46,5.30,0.31,8.75
47402,3,1.12,5.03,0.31,8.69
47443,3,1.86,4.94,0.32,8.60
47485,3,1.82,5.00,0.32,8.79
47526,3,2.31,4.88,0.32,8.87
47571,3,2.33,4.72,0.32,8.67
47604,3,2.28,4.71,0.32,8.70
47640,3,2.47,4.62,0.33,8.76
47745,3,1.79,4.63,0.33,8.85
47786,3,2.00,4.57,0.33,8.86
47827,3,1.64,4.53,0.34,8.79
47870,3,2.51,4.50,0.34,8.71
47912,3,2.30,4.56,0.35,8.58
47958,3,1.83,4.41,0.35,8.79
47998,3,2.12,4.33,0.36,8.90
48035,3,2.04,4.39,0.36,8.79
48075,3,2.15,4.44,0.36,8.70
48116,3,2.05,4.44,0.36,8.78
48155,3,2.58,4.52,0.36,8.91
48198,3,2.24,4.47,0.36,8.66
48243,3,3.36,4.34,0.36,9.25
48286,3,4.44,4.44,0.36,8.91
48334,3,7.51,4.61,0.35,8.45
48374,3,8.63,4.86,0.34,9.16
48414,3,10.52,5.01,0.34,8.84
48454,3,14.60,5.50,0.34,8.28
48498,3,17.00,6.13,0.33,8.29
48543,3,17.57,6.67,0.33,8.04
48589,3,17.25,6.16,0.32,8.31
48635,3,13.97,5.68,0.32,8.54
48679,3,12.12,5.19,0.32,8.84
48716,3,9.38,4.59,0.32,9.25
48757,3,7.00,4.14,0.32,9.00
48802,3,5.73,3.79,0.31,8.78
48846,3,5.12,3.57,0.30,8.86
48892,3,3.95,3.34,0.30,8.77
48936,3,3.40,3.09,0.29,9.01
48984,3,3.31,3.04,0.30,9.00
49033,3,3.69,3.14,0.30,8.92
49073,3,2.97,3.47,0.30,9.32
49179,3,5.73,3.93,0.31,8.64
49224,3,7.45,4.57,0.32,8.54
49263,3,8.13,5.22,0.33,9.12
49302,3,8.93,5.86,0.33,9.14
49345,3,9.98,6.37,0.34,8.56
49392,3,9.91,6.80,0.35,8.51
49441,3,12.23,7.46,0.34,7.45
49491,3,11.69,7.50,0.34,8.59
49536,3,12.24,7.22,0.34,8.85
49578,3,12.16,6.82,0.34,8.41
49621,3,10.62,6.98,0.34,8.67
49665,3,10.04,6.16,0.34,8.89
49711,3,10.28,5.28,0.35,8.48
49759,3,8.33,4.54,0.36,8.92
49809,3,7.62,3.75,0.36,8.87
49859,3,6.40,2.92,0.37,9.18
49911,3,6.50,2.49,0.38,8.52
49954,3,5.84,1.78,0.38,8.84
49997,3,7.73,1.30,0.38,8.91
50039,3,7.53,0.76,0.39,8.72
50087,3,4.25,-0.41,0.38,10.02
50136,3,5.43,-0.82,0.38,9.48
50184,3,8.39,-0.80,0.37,8.78
50237,3,6.90,-0.57,0.37,8.91
50284,3,10.08,-0.42,0.37,7.72
50325,3,7.55,0.11,0.37,8.78
50370,3,7.57,0.29,0.37,7.91
50416,3,7.05,0.88,0.36,9.21
50463,3,5.10,1.38,0.36,9.70
50510,3,5.30,2.02,0.36,8.28
50560,3,5.12,2.26,0.35,8.31
50610,3,8.25,1.90,0.34,7.66
50739,3,4.97,1.28,0.34,8.65
50793,3,5.79,1.20,0.33,9.20
50845,3,6.61,1.06,0.33,9.04
50900,3,7.85,1.45,0.32,8.52
50951,3,4.86,1.84,0.32,8.48
50995,3,5.53,1.30,0.33,9.90
51043,3,8.60,1.14,0.33,8.87
51092,3,4.33,0.65,0.33,8.95
51142,3,5.97,0.67,0.33,8.85
51196,3,5.06,0.48,0.34,8.82
51249,3,6.81,0.31,0.34,8.89
51307,3,5.60,0.53,0.33,8.84
51360,3,6.73,0.41,0.32,8.83
51407,3,6.64,0.77,0.32,7.98
51456,3,6.75,0.70,0.31,8.53
51500,3,3.92,-0.04,0.31,8.63
51553,3,10.05,0.63,0.32,9.07
51608,3,2.85,1.86,0.32,9.93
51664,3,6.20,2.20,0.33,8.47
51721,3,3.26,2.91,0.34,9.00
51775,3,3.94,3.65,0.34,8.73
51824,3,4.63,4.73,0.35,8.24
51872,3,1.05,5.86,0.35,9.26
51920,3,4.03,7.27,0.35,8.40
51970,3,0.42,7.10,0.36,7.26
52025,3,-1.88,8.32,0.36,9.76
52081,3,-2.25,9.26,0.36,9.02
52135,3,-0.77,9.16,0.36,8.44
52194,3,-1.83,9.83,0.37,8.54
52243,3,-0.31,10.94,0.37,8.92
52293,3,-1.54,11.42,0.37,8.89
52341,3,-0.89,11.93,0.37,8.75
52467,3,-0.55,12.24,0.38,8.78
52516,3,-0.59,12.17,0.40,8.74
52579,3,0.02,12.35,0.42,8.65
52634,3,-0.68,12.28,0.45,8.82
52684,3,-0.06,12.23,0.48,8.70
52736,3,-1.51,12.58,0.51,8.72
52786,3,-0.59,12.58,0.53,8.75
52840,3,-1.18,12.57,0.55,8.81
52897,3,0.30,12.49,0.57,8.78
52953,3,-1.03,12.37,0.58,9.00
53012,3,0.05,12.22,0.59,8.76
53073,3,-1.13,11.79,0.60,8.74
53123,3,0.27,11.42,0.60,8.86
53175,3,0.98,11.17,0.61,8.83
53228,3,-0.52,10.89,0.61,8.87
53285,3,3.24,11.23,0.61,7.00
53345,3,2.07,10.71,0.61,8.91
53402,3,2.50,10.35,0.60,8.66
53465,3,2.59,9.98,0.59,8.88
53522,3,2.15,9.72,0.58,8.84
53574,3,2.36,9.53,0.57,8.83
53628,3,2.58,9.30,0.55,8.82
53680,3,2.11,9.10,0.55,8.79
53736,3,2.16,8.95,0.54,8.78
53795,3,2.45,8.73,0.53,8.80
53857,3,2.88,10.02,0.52,7.79
53921,3,1.68,9.40,0.53,8.86
53984,3,1.28,8.97,0.53,8.72
54042,3,2.12,8.46,0.53,8.71
54097,3,1.62,8.04,0.52,8.96
54150,3,1.83,7.71,0.51,8.72
54206,3,1.51,7.48,0.50,8.78
54335,3,1.52,7.26,0.49,8.78
54427,3,3.06,6.83,0.48,8.81
54466,3,2.53,6.33,0.47,8.81
54508,3,2.62,5.92,0.46,8.72
54551,3,3.17,5.62,0.45,8.73
54593,3,2.90,5.34,0.45,8.79
54637,3,2.76,5.12,0.44,8.78
54674,3,2.54,4.95,0.43,8.81
54714,3,2.54,4.70,0.42,8.83
54754,3,2.50,4.76,0.41,8.82
54794,3,2.30,4.54,0.41,8.85
54837,3,2.27,4.33,0.39,8.90
54879,3,2.22,4.14,0.38,8.77
54920,3,2.45,4.02,0.37,8.91
54954,3,2.52,3.90,0.36,8.72
54994,3,2.34,3.79,0.34,8.75
55036,3,2.24,3.69,0.33,8.78
55074,3,2.55,3.62,0.32,8.79
55114,3,2.43,3.54,0.31,8.84
55157,3,2.72,3.55,0.31,8.85
55199,3,2.80,3.48,0.31,8.85
55245,3,2.66,3.59,0.31,8.70
55291,3,2.77,3.48,0.31,8.76
55332,3,2.84,3.40,0.30,8.72
55371,3,2.69,3.33,0.30,8.83
55411,3,3.04,3.25,0.30,8.85
55452,3,2.47,3.27,0.30,8.80
55500,3,2.78,3.20,0.29,8.75
55551,3,2.39,3.23,0.30,8.85
55599,3,2.63,3.18,0.30,8.79
55650,3,2.73,3.21,0.31,8.76
55698,3,2.56,3.21,0.31,8.75
55812,3,1.96,3.20,0.30,8.83
55849,3,2.32,3.19,0.31,8.88
55886,3,2.62,3.19,0.31,8.70
55928,3,2.03,3.19,0.31,8.80
55970,3,2.56,3.16,0.31,8.82
56016,3,2.41,3.15,0.31,8.77
56059,3,2.51,3.24,0.31,8.81
56099,3,2.14,3.13,0.31,8.72
56141,3,2.39,3.14,0.30,8.74
56184,3,2.66,3.06,0.30,8.79
56234,3,2.36,3.00,0.29,8.80
56284,3,2.22,3.02,0.29,8.72
56334,3,2.30,3.05,0.28,8.72
56384,3,2.21,3.04,0.27,8.77
56436,3,2.32,3.02,0.26,8.75
56486,3,2.02,3.05,0.26,8.80
56527,3,2.64,3.07,0.26,8.90
56567,3,2.45,3.04,0.26,8.76
56606,3,2.58,3.13,0.24,8.74
56648,3,2.43,3.14,0.24,8.76
56691,3,2.71,3.09,0.23,8.78
56735,3,2.69,3.08,0.22,8.79
56780,3,2.33,3.06,0.22,8.73
56819,3,2.02,3.11,0.22,8.85
56863,3,2.49,3.02,0.23,8.84
56908,3,2.38,3.11,0.23,8.84
56959,3,2.39,3.12,0.23,8.79
57010,3,2.63,3.13,0.24,8.74
57061,3,2.59,3.19,0.24,8.80
57113,3,2.68,3.23,0.24,8.81
57164,3,2.14,3.27,0.24,8.78
57213,3,2.90,3.29,0.24,8.85
57318,3,3.05,3.22,0.23,8.84
57362,3,2.07,3.22,0.23,8.82
57405,3,2.51,3.26,0.23,8.78
57449,3,2.56,3.28,0.22,8.75
57497,3,2.64,3.31,0.21,8.75
57544,3,2.50,3.32,0.20,8.81
57588,3,2.86,3.35,0.19,8.80
57633,3,2.71,3.29,0.18,8.79
57679,3,2.53,3.23,0.18,8.75
57738,3,2.71,3.23,0.18,8.77
57791,3,2.76,3.22,0.18,8.75
57844,3,2.51,3.22,0.19,8.77
57901,3,2.92,3.27,0.20,8.77
57954,3,2.17,3.26,0.21,8.79
58005,3,2.69,3.23,0.21,8.78
58047,3,2.39,3.20,0.21,8.81
58088,3,2.79,3.21,0.23,8.73
58130,3,3.07,3.19,0.23,8.83
58176,3,2.41,3.30,0.24,8.90
58222,3,2.44,3.31,0.24,8.83
58270,3,2.55,3.31,0.24,8.86
58321,3,2.55,3.31,0.24,8.78
58369,3,2.46,3.34,0.24,8.87
58421,3,2.68,3.38,0.23,8.76
58469,3,2.69,3.34,0.23,8.78
58526,3,2.53,3.29,0.23,8.75
58582,3,2.45,3.23,0.23,8.80
58638,3,2.77,3.26,0.23,8.77
58696,3,2.54,3.29,0.23,8.82
58753,3,2.85,3.30,0.23,8.77
58808,3,2.60,3.24,0.23,8.78
58854,3,2.45,3.29,0.22,8.64
58969,3,2.13,3.32,0.22,8.76
59019,3,2.62,3.32,0.22,8.82
59069,3,2.33,3.30,0.21,8.74
59121,3,2.67,3.27,0.21,8.91
59174,3,2.54,3.30,0.22,8.89
59229,3,2.72,3.31,0.22,8.84
59283,3,2.43,3.29,0.23,8.83
59335,3,3.14,3.29,0.23,8.80
59394,3,2.40,3.27,0.23,8.81
59453,3,2.96,3.29,0.24,8.72
59513,3,2.15,3.29,0.24,8.77
59571,3,2.78,3.27,0.25,8.72
59631,3,2.82,3.35,0.25,8.78
59688,3,2.90,3.31,0.26,8.80
59738,3,2.68,3.34,0.26,8.76
59785,3,2.46,3.30,0.27,8.77
59833,3,2.61,3.31,0.28,8.84
59884,3,2.72,3.31,0.29,8.83
59936,3,2.07,3.32,0.30,8.78
59990,3,2.97,3.34,0.30,8.74
60044,3,2.56,3.35,0.31,8.82
60100,3,2.50,3.34,0.32,8.79
60160,3,2.50,3.30,0.33,8.81
60214,3,2.69,3.16,0.34,8.90
60274,3,2.80,3.19,0.35,8.78
60337,3,2.42,3.20,0.35,8.80
60398,3,2.72,3.23,0.35,8.74
60459,3,2.75,3.23,0.35,8.86
60526,3,2.76,3.26,0.35,8.82
60585,3,2.79,3.34,0.35,8.72
60635,3,2.14,3.34,0.34,8.80
60682,3,2.74,3.31,0.34,8.76
60797,3,2.63,3.34,0.33,8.82
60851,3,2.19,3.32,0.33,8.90
60910,3,2.81,3.40,0.32,8.71
60967,3,2.17,3.38,0.32,8.79
61023,3,2.28,3.39,0.32,8.81
61083,3,2.67,3.35,0.31,8.75
61144,3,2.43,3.35,0.30,8.67
61202,3,2.57,3.26,0.30,8.81
61254,3,2.56,3.34,0.29,8.79
61308,3,2.73,3.34,0.28,8.83
61367,3,2.73,3.36,0.27,8.88
61427,3,2.74,3.28,0.26,8.73
61487,3,2.51,3.30,0.26,8.75
61549,3,2.76,3.27,0.25,8.81
61607,3,2.60,3.43,0.25,8.78
61662,3,2.70,3.36,0.24,8.80
61719,3,2.42,3.36,0.23,8.80
61778,3,2.65,3.36,0.22,8.77
61835,3,2.29,3.41,0.21,8.78
61928,3,2.52,3.39,0.21,8.80
61970,3,2.86,3.42,0.20,8.79
62013,3,2.73,3.42,0.20,8.77
62053,3,2.37,3.37,0.19,8.80
62087,3,2.53,3.36,0.18,8.84
62120,3,3.00,3.33,0.18,8.85
62164,3,2.48,3.35,0.17,8.76
62202,3,2.40,3.34,0.17,8.70
62247,3,2.17,3.28,0.16,8.80
62291,3,2.79,3.29,0.16,8.76
62331,3,2.43,3.19,0.15,8.83
62369,3,2.51,3.26,0.15,8.84
62405,3,2.47,3.25,0.14,8.78
62522,3,2.53,3.23,0.14,8.79
62556,3,2.77,3.22,0.14,8.74
62598,3,2.58,3.22,0.14,8.79
62640,3,2.62,3.25,0.14,8.83
62683,3,2.54,3.28,0.13,8.81
62728,3,2.14,3.27,0.13,8.80
62767,3,2.39,3.26,0.13,8.75
62803,3,2.23,3.22,0.14,8.86
62841,3,2.56,3.23,0.14,8.77
62888,3,2.43,3.17,0.14,8.82
62925,3,2.06,3.11,0.14,8.81
62966,3,2.20,3.12,0.13,8.86